{
	"start":	{
		"connected":	[{
				"socket":	5,
				"local_host":	"10.0.0.1",
				"local_port":	54866,
				"remote_host":	"10.0.0.2",
				"remote_port":	5201
			}],
		"version":	"iperf 3.16",
		"system_info":	"Linux qos2026-VMware-Virtual-Platform 6.17.0-14-generic #14~24.04.1-Ubuntu SMP PREEMPT_DYNAMIC Thu Jan 15 15:52:10 UTC 2 x86_64",
		"timestamp":	{
			"time":	"Fri, 13 Mar 2026 22:31:27 GMT",
			"timesecs":	1773441087
		},
		"connecting_to":	{
			"host":	"10.0.0.2",
			"port":	5201
		},
		"cookie":	"jcivh35zcjmtheffpflt4yby6lm4hvkp3k2w",
		"tcp_mss_default":	1448,
		"target_bitrate":	50000000,
		"fq_rate":	0,
		"sock_bufsize":	0,
		"sndbuf_actual":	87380,
		"rcvbuf_actual":	87380,
		"test_start":	{
			"protocol":	"TCP",
			"num_streams":	1,
			"blksize":	131072,
			"omit":	0,
			"duration":	10,
			"bytes":	0,
			"blocks":	0,
			"reverse":	0,
			"tos":	0,
			"target_bitrate":	50000000,
			"bidir":	0,
			"fqrate":	0
		}
	},
	"intervals":	[{
			"streams":	[{
					"socket":	5,
					"start":	0,
					"end":	1.000077,
					"seconds":	1.00007700920105,
					"bytes":	6291456,
					"bits_per_second":	50327772.298464678,
					"retransmits":	0,
					"snd_cwnd":	304080,
					"snd_wnd":	316928,
					"rtt":	189,
					"rttvar":	91,
					"pmtu":	1500,
					"omitted":	false,
					"sender":	true
				}],
			"sum":	{
				"start":	0,
				"end":	1.000077,
				"seconds":	1.00007700920105,
				"bytes":	6291456,
				"bits_per_second":	50327772.298464678,
				"retransmits":	0,
				"omitted":	false,
				"sender":	true
			}
		}, {
			"streams":	[{
					"socket":	5,
					"start":	1.000077,
					"end":	2.000141,
					"seconds":	1.0000640153884888,
					"bytes":	6291456,
					"bits_per_second":	50328426.206244379,
					"retransmits":	0,
					"snd_cwnd":	304080,
					"snd_wnd":	316928,
					"rtt":	143,
					"rttvar":	8,
					"pmtu":	1500,
					"omitted":	false,
					"sender":	true
				}],
			"sum":	{
				"start":	1.000077,
				"end":	2.000141,
				"seconds":	1.0000640153884888,
				"bytes":	6291456,
				"bits_per_second":	50328426.206244379,
				"retransmits":	0,
				"omitted":	false,
				"sender":	true
			}
		}, {
			"streams":	[{
					"socket":	5,
					"start":	2.000141,
					"end":	3.000081,
					"seconds":	0.99993997812271118,
					"bytes":	6291456,
					"bits_per_second":	50334669.181336977,
					"retransmits":	0,
					"snd_cwnd":	304080,
					"snd_wnd":	465920,
					"rtt":	207,
					"rttvar":	200,
					"pmtu":	1500,
					"omitted":	false,
					"sender":	true
				}],
			"sum":	{
				"start":	2.000141,
				"end":	3.000081,
				"seconds":	0.99993997812271118,
				"bytes":	6291456,
				"bits_per_second":	50334669.181336977,
				"retransmits":	0,
				"omitted":	false,
				"sender":	true
			}
		}, {
			"streams":	[{
					"socket":	5,
					"start":	3.000081,
					"end":	4.00014,
					"seconds":	1.0000590085983276,
					"bytes":	6160384,
					"bits_per_second":	49280164.046594255,
					"retransmits":	0,
					"snd_cwnd":	304080,
					"snd_wnd":	480768,
					"rtt":	138,
					"rttvar":	8,
					"pmtu":	1500,
					"omitted":	false,
					"sender":	true
				}],
			"sum":	{
				"start":	3.000081,
				"end":	4.00014,
				"seconds":	1.0000590085983276,
				"bytes":	6160384,
				"bits_per_second":	49280164.046594255,
				"retransmits":	0,
				"omitted":	false,
				"sender":	true
			}
		}, {
			"streams":	[{
					"socket":	5,
					"start":	4.00014,
					"end":	5.000152,
					"seconds":	1.0000120401382446,
					"bytes":	6291456,
					"bits_per_second":	50331042.007296234,
					"retransmits":	0,
					"snd_cwnd":	304080,
					"snd_wnd":	480768,
					"rtt":	147,
					"rttvar":	8,
					"pmtu":	1500,
					"omitted":	false,
					"sender":	true
				}],
			"sum":	{
				"start":	4.00014,
				"end":	5.000152,
				"seconds":	1.0000120401382446,
				"bytes":	6291456,
				"bits_per_second":	50331042.007296234,
				"retransmits":	0,
				"omitted":	false,
				"sender":	true
			}
		}, {
			"streams":	[{
					"socket":	5,
					"start":	5.000152,
					"end":	6.000138,
					"seconds":	0.99998599290847778,
					"bytes":	6291456,
					"bits_per_second":	50332353.009875141,
					"retransmits":	0,
					"snd_cwnd":	304080,
					"snd_wnd":	492032,
					"rtt":	126,
					"rttvar":	20,
					"pmtu":	1500,
					"omitted":	false,
					"sender":	true
				}],
			"sum":	{
				"start":	5.000152,
				"end":	6.000138,
				"seconds":	0.99998599290847778,
				"bytes":	6291456,
				"bits_per_second":	50332353.009875141,
				"retransmits":	0,
				"omitted":	false,
				"sender":	true
			}
		}, {
			"streams":	[{
					"socket":	5,
					"start":	6.000138,
					"end":	7.000097,
					"seconds":	0.99995899200439453,
					"bytes":	6160384,
					"bits_per_second":	49285093.082880557,
					"retransmits":	0,
					"snd_cwnd":	304080,
					"snd_wnd":	506880,
					"rtt":	161,
					"rttvar":	27,
					"pmtu":	1500,
					"omitted":	false,
					"sender":	true
				}],
			"sum":	{
				"start":	6.000138,
				"end":	7.000097,
				"seconds":	0.99995899200439453,
				"bytes":	6160384,
				"bits_per_second":	49285093.082880557,
				"retransmits":	0,
				"omitted":	false,
				"sender":	true
			}
		}, {
			"streams":	[{
					"socket":	5,
					"start":	7.000097,
					"end":	8.000149,
					"seconds":	1.0000519752502441,
					"bytes":	6291456,
					"bits_per_second":	50329032.1359602,
					"retransmits":	0,
					"snd_cwnd":	304080,
					"snd_wnd":	509440,
					"rtt":	151,
					"rttvar":	9,
					"pmtu":	1500,
					"omitted":	false,
					"sender":	true
				}],
			"sum":	{
				"start":	7.000097,
				"end":	8.000149,
				"seconds":	1.0000519752502441,
				"bytes":	6291456,
				"bits_per_second":	50329032.1359602,
				"retransmits":	0,
				"omitted":	false,
				"sender":	true
			}
		}, {
			"streams":	[{
					"socket":	5,
					"start":	8.000149,
					"end":	9.000136,
					"seconds":	0.999987006187439,
					"bytes":	6291456,
					"bits_per_second":	50332302.008498065,
					"retransmits":	0,
					"snd_cwnd":	304080,
					"snd_wnd":	521216,
					"rtt":	128,
					"rttvar":	11,
					"pmtu":	1500,
					"omitted":	false,
					"sender":	true
				}],
			"sum":	{
				"start":	8.000149,
				"end":	9.000136,
				"seconds":	0.999987006187439,
				"bytes":	6291456,
				"bits_per_second":	50332302.008498065,
				"retransmits":	0,
				"omitted":	false,
				"sender":	true
			}
		}, {
			"streams":	[{
					"socket":	5,
					"start":	9.000136,
					"end":	10.000494,
					"seconds":	1.000357985496521,
					"bytes":	6160384,
					"bits_per_second":	49265435.688543715,
					"retransmits":	0,
					"snd_cwnd":	304080,
					"snd_wnd":	521728,
					"rtt":	177,
					"rttvar":	35,
					"pmtu":	1500,
					"omitted":	false,
					"sender":	true
				}],
			"sum":	{
				"start":	9.000136,
				"end":	10.000494,
				"seconds":	1.000357985496521,
				"bytes":	6160384,
				"bits_per_second":	49265435.688543715,
				"retransmits":	0,
				"omitted":	false,
				"sender":	true
			}
		}],
	"end":	{
		"streams":	[{
				"sender":	{
					"socket":	5,
					"start":	0,
					"end":	10.000494,
					"seconds":	10.000494,
					"bytes":	62521344,
					"bits_per_second":	50014604.478538759,
					"retransmits":	0,
					"max_snd_cwnd":	304080,
					"max_snd_wnd":	521728,
					"max_rtt":	207,
					"min_rtt":	126,
					"mean_rtt":	156,
					"sender":	true
				},
				"receiver":	{
					"socket":	5,
					"start":	0,
					"end":	10.000696,
					"seconds":	10.000494,
					"bytes":	62521344,
					"bits_per_second":	50013594.253839932,
					"sender":	true
				}
			}],
		"sum_sent":	{
			"start":	0,
			"end":	10.000494,
			"seconds":	10.000494,
			"bytes":	62521344,
			"bits_per_second":	50014604.478538759,
			"retransmits":	0,
			"sender":	true
		},
		"sum_received":	{
			"start":	0,
			"end":	10.000696,
			"seconds":	10.000696,
			"bytes":	62521344,
			"bits_per_second":	50013594.253839932,
			"sender":	true
		},
		"cpu_utilization_percent":	{
			"host_total":	99.626271192959976,
			"host_user":	99.525366013557061,
			"host_system":	0.10090517940291507,
			"remote_total":	0.29958804019665358,