{
	"start":	{
		"connected":	[{
				"socket":	5,
				"local_host":	"10.0.0.1",
				"local_port":	41582,
				"remote_host":	"10.0.0.2",
				"remote_port":	5201
			}],
		"version":	"iperf 3.16",
		"system_info":	"Linux qos2026-VMware-Virtual-Platform 6.17.0-14-generic #14~24.04.1-Ubuntu SMP PREEMPT_DYNAMIC Thu Jan 15 15:52:10 UTC 2 x86_64",
		"timestamp":	{
			"time":	"Fri, 13 Mar 2026 22:46:37 GMT",
			"timesecs":	1773441997
		},
		"connecting_to":	{
			"host":	"10.0.0.2",
			"port":	5201
		},
		"cookie":	"6uqj7jdti6xpcpibkgcxadpfrm5ypnuxgpbh",
		"tcp_mss_default":	1448,
		"target_bitrate":	5000000,
		"fq_rate":	0,
		"sock_bufsize":	0,
		"sndbuf_actual":	87380,
		"rcvbuf_actual":	87380,
		"test_start":	{
			"protocol":	"TCP",
			"num_streams":	1,
			"blksize":	131072,
			"omit":	0,
			"duration":	10,
			"bytes":	0,
			"blocks":	0,
			"reverse":	0,
			"tos":	0,
			"target_bitrate":	5000000,
			"bidir":	0,
			"fqrate":	0
		}
	},
	"intervals":	[{
			"streams":	[{
					"socket":	5,
					"start":	0,
					"end":	1.000104,
					"seconds":	1.0001039505004883,
					"bytes":	655360,
					"bits_per_second":	5242335.056647134,
					"retransmits":	0,
					"snd_cwnd":	139008,
					"snd_wnd":	228864,
					"rtt":	81,
					"rttvar":	61,
					"pmtu":	1500,
					"omitted":	false,
					"sender":	true
				}],
			"sum":	{
				"start":	0,
				"end":	1.000104,
				"seconds":	1.0001039505004883,
				"bytes":	655360,
				"bits_per_second":	5242335.056647134,
				"retransmits":	0,
				"omitted":	false,
				"sender":	true
			}
		}, {
			"streams":	[{
					"socket":	5,
					"start":	1.000104,
					"end":	2.000068,
					"seconds":	0.99996399879455566,
					"bytes":	655360,
					"bits_per_second":	5243068.7567954725,
					"retransmits":	0,
					"snd_cwnd":	139008,
					"snd_wnd":	226816,
					"rtt":	245,
					"rttvar":	359,
					"pmtu":	1500,
					"omitted":	false,
					"sender":	true
				}],
			"sum":	{
				"start":	1.000104,
				"end":	2.000068,
				"seconds":	0.99996399879455566,
				"bytes":	655360,
				"bits_per_second":	5243068.7567954725,
				"retransmits":	0,
				"omitted":	false,
				"sender":	true
			}
		}, {
			"streams":	[{
					"socket":	5,
					"start":	2.000068,
					"end":	3.000205,
					"seconds":	1.0001369714736938,
					"bytes":	655360,
					"bits_per_second":	5242161.97334917,
					"retransmits":	0,
					"snd_cwnd":	139008,
					"snd_wnd":	197120,
					"rtt":	103,
					"rttvar":	112,
					"pmtu":	1500,
					"omitted":	false,
					"sender":	true
				}],
			"sum":	{
				"start":	2.000068,
				"end":	3.000205,
				"seconds":	1.0001369714736938,
				"bytes":	655360,
				"bits_per_second":	5242161.97334917,
				"retransmits":	0,
				"omitted":	false,
				"sender":	true
			}
		}, {
			"streams":	[{
					"socket":	5,
					"start":	3.000205,
					"end":	4.000076,
					"seconds":	0.999871015548706,
					"bytes":	655360,
					"bits_per_second":	5243556.3372369874,
					"retransmits":	0,
					"snd_cwnd":	198376,
					"snd_wnd":	284672,
					"rtt":	61,
					"rttvar":	46,
					"pmtu":	1500,
					"omitted":	false,
					"sender":	true
				}],
			"sum":	{
				"start":	3.000205,
				"end":	4.000076,
				"seconds":	0.999871015548706,
				"bytes":	655360,
				"bits_per_second":	5243556.3372369874,
				"retransmits":	0,
				"omitted":	false,
				"sender":	true
			}
		}, {
			"streams":	[{
					"socket":	5,
					"start":	4.000076,
					"end":	5.000076,
					"seconds":	1,
					"bytes":	524288,
					"bits_per_second":	4194304,
					"retransmits":	0,
					"snd_cwnd":	196928,
					"snd_wnd":	284672,
					"rtt":	51,
					"rttvar":	36,
					"pmtu":	1500,
					"omitted":	false,
					"sender":	true
				}],
			"sum":	{
				"start":	4.000076,
				"end":	5.000076,
				"seconds":	1,
				"bytes":	524288,
				"bits_per_second":	4194304,
				"retransmits":	0,
				"omitted":	false,
				"sender":	true
			}
		}, {
			"streams":	[{
					"socket":	5,
					"start":	5.000076,
					"end":	6.000143,
					"seconds":	1.0000669956207275,
					"bytes":	655360,
					"bits_per_second":	5242528.7735306351,
					"retransmits":	0,
					"snd_cwnd":	225888,
					"snd_wnd":	197120,
					"rtt":	50,
					"rttvar":	41,
					"pmtu":	1500,
					"omitted":	false,
					"sender":	true
				}],
			"sum":	{
				"start":	5.000076,
				"end":	6.000143,
				"seconds":	1.0000669956207275,
				"bytes":	655360,
				"bits_per_second":	5242528.7735306351,
				"retransmits":	0,
				"omitted":	false,
				"sender":	true
			}
		}, {
			"streams":	[{
					"socket":	5,
					"start":	6.000143,
					"end":	7.0002,
					"seconds":	1.0000569820404053,
					"bytes":	655360,
					"bits_per_second":	5242581.2670224151,
					"retransmits":	0,
					"snd_cwnd":	253400,
					"snd_wnd":	297472,
					"rtt":	46,
					"rttvar":	36,
					"pmtu":	1500,
					"omitted":	false,
					"sender":	true
				}],
			"sum":	{
				"start":	6.000143,
				"end":	7.0002,
				"seconds":	1.0000569820404053,
				"bytes":	655360,
				"bits_per_second":	5242581.2670224151,
				"retransmits":	0,
				"omitted":	false,
				"sender":	true
			}
		}, {
			"streams":	[{
					"socket":	5,
					"start":	7.0002,
					"end":	8.000219,
					"seconds":	1.0000189542770386,
					"bytes":	655360,
					"bits_per_second":	5242780.6268835459,
					"retransmits":	0,
					"snd_cwnd":	260640,
					"snd_wnd":	197120,
					"rtt":	49,
					"rttvar":	42,
					"pmtu":	1500,
					"omitted":	false,
					"sender":	true
				}],
			"sum":	{
				"start":	7.0002,
				"end":	8.000219,
				"seconds":	1.0000189542770386,
				"bytes":	655360,
				"bits_per_second":	5242780.6268835459,
				"retransmits":	0,
				"omitted":	false,
				"sender":	true
			}
		}, {
			"streams":	[{
					"socket":	5,
					"start":	8.000219,
					"end":	9.000144,
					"seconds":	0.99992501735687256,
					"bytes":	524288,
					"bits_per_second":	4194618.52358381,
					"retransmits":	0,
					"snd_cwnd":	262088,
					"snd_wnd":	307712,
					"rtt":	53,
					"rttvar":	48,
					"pmtu":	1500,
					"omitted":	false,
					"sender":	true
				}],
			"sum":	{
				"start":	8.000219,
				"end":	9.000144,
				"seconds":	0.99992501735687256,
				"bytes":	524288,
				"bits_per_second":	4194618.52358381,
				"retransmits":	0,
				"omitted":	false,
				"sender":	true
			}
		}, {
			"streams":	[{
					"socket":	5,
					"start":	9.000144,
					"end":	10.000624,
					"seconds":	1.000480055809021,
					"bytes":	655360,
					"bits_per_second":	5240364.33266072,
					"retransmits":	0,
					"snd_cwnd":	260640,
					"snd_wnd":	197120,
					"rtt":	51,
					"rttvar":	45,
					"pmtu":	1500,
					"omitted":	false,
					"sender":	true
				}],
			"sum":	{
				"start":	9.000144,
				"end":	10.000624,
				"seconds":	1.000480055809021,
				"bytes":	655360,
				"bits_per_second":	5240364.33266072,
				"retransmits":	0,
				"omitted":	false,
				"sender":	true
			}
		}],
	"end":	{
		"streams":	[{
				"sender":	{
					"socket":	5,
					"start":	0,
					"end":	10.000624,
					"seconds":	10.000624,
					"bytes":	6291456,
					"bits_per_second":	5032850.7501131929,
					"retransmits":	0,
					"max_snd_cwnd":	262088,
					"max_snd_wnd":	307712,
					"max_rtt":	245,
					"min_rtt":	46,
					"mean_rtt":	79,
					"sender":	true
				},
				"receiver":	{
					"socket":	5,
					"start":	0,
					"end":	10.000915,
					"seconds":	10.000624,
					"bytes":	6291456,
					"bits_per_second":	5032704.307555858,
					"sender":	true
				}
			}],
		"sum_sent":	{
			"start":	0,
			"end":	10.000624,
			"seconds":	10.000624,
			"bytes":	6291456,
			"bits_per_second":	5032850.7501131929,
			"retransmits":	0,
			"sender":	true
		},
		"sum_received":	{
			"start":	0,
			"end":	10.000915,
			"seconds":	10.000915,
			"bytes":	6291456,
			"bits_per_second":	5032704.307555858,
			"sender":	true
		},
		"cpu_utilization_percent":	{
			"host_total":	92.141028353322142,
			"host_user":	91.9782997924801,
			"host_system":	0.16267857050017936,
			"remote_total":	0.039046431156192322,
			"remote_user":	0.011248971843973461,
			"remote_system":	0.027797459312218862
		},
		"sender_tcp_congestion":	"cubic",