{
	"start":	{
		"connected":	[{
				"socket":	5,
				"local_host":	"10.0.0.1",
				"local_port":	50860,
				"remote_host":	"10.0.0.2",
				"remote_port":	5201
			}],
		"version":	"iperf 3.16",
		"system_info":	"Linux qos2026-VMware-Virtual-Platform 6.17.0-14-generic #14~24.04.1-Ubuntu SMP PREEMPT_DYNAMIC Thu Jan 15 15:52:10 UTC 2 x86_64",
		"timestamp":	{
			"time":	"Fri, 13 Mar 2026 22:45:57 GMT",
			"timesecs":	1773441957
		},
		"connecting_to":	{
			"host":	"10.0.0.2",
			"port":	5201
		},
		"cookie":	"hl7cywjvg5pv3abhvadcrbi3bnqmk52ntikj",
		"tcp_mss_default":	1448,
		"target_bitrate":	50000000,
		"fq_rate":	0,
		"sock_bufsize":	0,
		"sndbuf_actual":	87380,
		"rcvbuf_actual":	87380,
		"test_start":	{
			"protocol":	"TCP",
			"num_streams":	1,
			"blksize":	131072,
			"omit":	0,
			"duration":	10,
			"bytes":	0,
			"blocks":	0,
			"reverse":	0,
			"tos":	0,
			"target_bitrate":	50000000,
			"bidir":	0,
			"fqrate":	0
		}
	},
	"intervals":	[{
			"streams":	[{
					"socket":	5,
					"start":	0,
					"end":	1.000143,
					"seconds":	1.0001430511474609,
					"bytes":	6291456,
					"bits_per_second":	50324449.029820941,
					"retransmits":	0,
					"snd_cwnd":	275120,
					"snd_wnd":	264192,
					"rtt":	145,
					"rttvar":	42,
					"pmtu":	1500,
					"omitted":	false,
					"sender":	true
				}],
			"sum":	{
				"start":	0,
				"end":	1.000143,
				"seconds":	1.0001430511474609,
				"bytes":	6291456,
				"bits_per_second":	50324449.029820941,
				"retransmits":	0,
				"omitted":	false,
				"sender":	true
			}
		}, {
			"streams":	[{
					"socket":	5,
					"start":	1.000143,
					"end":	2.000069,
					"seconds":	0.999925971031189,
					"bytes":	6291456,
					"bits_per_second":	50335374.27585236,
					"retransmits":	0,
					"snd_cwnd":	275120,
					"snd_wnd":	287744,
					"rtt":	126,
					"rttvar":	58,
					"pmtu":	1500,
					"omitted":	false,
					"sender":	true
				}],
			"sum":	{
				"start":	1.000143,
				"end":	2.000069,
				"seconds":	0.999925971031189,
				"bytes":	6291456,
				"bits_per_second":	50335374.27585236,
				"retransmits":	0,
				"omitted":	false,
				"sender":	true
			}
		}, {
			"streams":	[{
					"socket":	5,
					"start":	2.000069,
					"end":	3.00007,
					"seconds":	1.0000009536743164,
					"bytes":	6291456,
					"bits_per_second":	50331600.000045776,
					"retransmits":	0,
					"snd_cwnd":	275120,
					"snd_wnd":	311296,
					"rtt":	132,
					"rttvar":	91,
					"pmtu":	1500,
					"omitted":	false,
					"sender":	true
				}],
			"sum":	{
				"start":	2.000069,
				"end":	3.00007,
				"seconds":	1.0000009536743164,
				"bytes":	6291456,
				"bits_per_second":	50331600.000045776,
				"retransmits":	0,
				"omitted":	false,
				"sender":	true
			}
		}, {
			"streams":	[{
					"socket":	5,
					"start":	3.00007,
					"end":	4.000074,
					"seconds":	1.0000040531158447,
					"bytes":	6160384,
					"bits_per_second":	49282872.2508096,
					"retransmits":	1,
					"snd_cwnd":	275120,
					"snd_wnd":	474624,
					"rtt":	149,
					"rttvar":	97,
					"pmtu":	1500,
					"omitted":	false,
					"sender":	true
				}],
			"sum":	{
				"start":	3.00007,
				"end":	4.000074,
				"seconds":	1.0000040531158447,
				"bytes":	6160384,
				"bits_per_second":	49282872.2508096,
				"retransmits":	1,
				"omitted":	false,
				"sender":	true
			}
		}, {
			"streams":	[{
					"socket":	5,
					"start":	4.000074,
					"end":	5.000113,
					"seconds":	1.0000389814376831,
					"bytes":	6291456,
					"bits_per_second":	50329686.0764786,
					"retransmits":	0,
					"snd_cwnd":	275120,
					"snd_wnd":	512512,
					"rtt":	133,
					"rttvar":	73,
					"pmtu":	1500,
					"omitted":	false,
					"sender":	true
				}],
			"sum":	{
				"start":	4.000074,
				"end":	5.000113,
				"seconds":	1.0000389814376831,
				"bytes":	6291456,
				"bits_per_second":	50329686.0764786,
				"retransmits":	0,
				"omitted":	false,
				"sender":	true
			}
		}, {
			"streams":	[{
					"socket":	5,
					"start":	5.000113,
					"end":	6.000077,
					"seconds":	0.99996399879455566,
					"bytes":	6291456,
					"bits_per_second":	50333460.065236531,
					"retransmits":	0,
					"snd_cwnd":	275120,
					"snd_wnd":	521728,
					"rtt":	156,
					"rttvar":	81,
					"pmtu":	1500,
					"omitted":	false,
					"sender":	true
				}],
			"sum":	{
				"start":	5.000113,
				"end":	6.000077,
				"seconds":	0.99996399879455566,
				"bytes":	6291456,
				"bits_per_second":	50333460.065236531,
				"retransmits":	0,
				"omitted":	false,
				"sender":	true
			}
		}, {
			"streams":	[{
					"socket":	5,
					"start":	6.000077,
					"end":	7.000086,
					"seconds":	1.0000089406967163,
					"bytes":	6160384,
					"bits_per_second":	49282631.378939457,
					"retransmits":	0,
					"snd_cwnd":	275120,
					"snd_wnd":	523264,
					"rtt":	124,
					"rttvar":	70,
					"pmtu":	1500,
					"omitted":	false,
					"sender":	true
				}],
			"sum":	{
				"start":	6.000077,
				"end":	7.000086,
				"seconds":	1.0000089406967163,
				"bytes":	6160384,
				"bits_per_second":	49282631.378939457,
				"retransmits":	0,
				"omitted":	false,
				"sender":	true
			}
		}, {
			"streams":	[{
					"socket":	5,
					"start":	7.000086,
					"end":	8.00021,
					"seconds":	1.0001239776611328,
					"bytes":	6291456,
					"bits_per_second":	50325408.7735247,
					"retransmits":	0,
					"snd_cwnd":	275120,
					"snd_wnd":	523264,
					"rtt":	127,
					"rttvar":	34,
					"pmtu":	1500,
					"omitted":	false,
					"sender":	true
				}],
			"sum":	{
				"start":	7.000086,
				"end":	8.00021,
				"seconds":	1.0001239776611328,
				"bytes":	6291456,
				"bits_per_second":	50325408.7735247,
				"retransmits":	0,
				"omitted":	false,
				"sender":	true
			}
		}, {
			"streams":	[{
					"socket":	5,
					"start":	8.00021,
					"end":	9.000143,
					"seconds":	0.99993300437927246,
					"bytes":	6291456,
					"bits_per_second":	50335020.225924373,
					"retransmits":	0,
					"snd_cwnd":	275120,
					"snd_wnd":	523264,
					"rtt":	171,
					"rttvar":	141,
					"pmtu":	1500,
					"omitted":	false,
					"sender":	true
				}],
			"sum":	{
				"start":	8.00021,
				"end":	9.000143,
				"seconds":	0.99993300437927246,
				"bytes":	6291456,
				"bits_per_second":	50335020.225924373,
				"retransmits":	0,
				"omitted":	false,
				"sender":	true
			}
		}, {
			"streams":	[{
					"socket":	5,
					"start":	9.000143,
					"end":	10.000422,
					"seconds":	1.0002789497375488,
					"bytes":	6160384,
					"bits_per_second":	49269328.333792083,
					"retransmits":	0,
					"snd_cwnd":	275120,
					"snd_wnd":	523264,
					"rtt":	193,
					"rttvar":	191,
					"pmtu":	1500,
					"omitted":	false,
					"sender":	true
				}],
			"sum":	{
				"start":	9.000143,
				"end":	10.000422,
				"seconds":	1.0002789497375488,
				"bytes":	6160384,
				"bits_per_second":	49269328.333792083,
				"retransmits":	0,
				"omitted":	false,
				"sender":	true
			}
		}],
	"end":	{
		"streams":	[{
				"sender":	{
					"socket":	5,
					"start":	0,
					"end":	10.000422,
					"seconds":	10.000422,
					"bytes":	62521344,
					"bits_per_second":	50014964.5684952,
					"retransmits":	1,
					"max_snd_cwnd":	275120,
					"max_snd_wnd":	523264,
					"max_rtt":	193,
					"min_rtt":	124,
					"mean_rtt":	145,
					"sender":	true
				},
				"receiver":	{
					"socket":	5,
					"start":	0,
					"end":	10.00103,
					"seconds":	10.000422,
					"bytes":	62521344,
					"bits_per_second":	50011923.9718309,
					"sender":	true
				}
			}],
		"sum_sent":	{
			"start":	0,
			"end":	10.000422,
			"seconds":	10.000422,
			"bytes":	62521344,
			"bits_per_second":	50014964.5684952,
			"retransmits":	1,
			"sender":	true
		},
		"sum_received":	{
			"start":	0,
			"end":	10.00103,
			"seconds":	10.00103,
			"bytes":	62521344,
			"bits_per_second":	50011923.9718309,
			"sender":	true
		},
		"cpu_utilization_percent":	{
			"host_total":	91.119929227550074,
			"host_user":	90.380839846937,
			"host_system":	0.73910937734961657,
			"remote_total":	0.32673585610303724,
			"remote_user":	0.058333904107020822,