{
	"start":	{
		"connected":	[{
				"socket":	5,
				"local_host":	"10.0.0.1",
				"local_port":	53152,
				"remote_host":	"10.0.0.2",
				"remote_port":	5201
			}],
		"version":	"iperf 3.16",
		"system_info":	"Linux qos2026-VMware-Virtual-Platform 6.17.0-14-generic #14~24.04.1-Ubuntu SMP PREEMPT_DYNAMIC Thu Jan 15 15:52:10 UTC 2 x86_64",
		"timestamp":	{
			"time":	"Fri, 13 Mar 2026 22:30:50 GMT",
			"timesecs":	1773441050
		},
		"connecting_to":	{
			"host":	"10.0.0.2",
			"port":	5201
		},
		"cookie":	"bkljlxfzvyav3nxgmd3ukouns24puk2euex4",
		"tcp_mss_default":	1448,
		"target_bitrate":	30000000,
		"fq_rate":	0,
		"sock_bufsize":	0,
		"sndbuf_actual":	87380,
		"rcvbuf_actual":	87380,
		"test_start":	{
			"protocol":	"TCP",
			"num_streams":	1,
			"blksize":	131072,
			"omit":	0,
			"duration":	10,
			"bytes":	0,
			"blocks":	0,
			"reverse":	0,
			"tos":	0,
			"target_bitrate":	30000000,
			"bidir":	0,
			"fqrate":	0
		}
	},
	"intervals":	[{
			"streams":	[{
					"socket":	5,
					"start":	0,
					"end":	1.000142,
					"seconds":	1.000141978263855,
					"bytes":	3801088,
					"bits_per_second":	30404387.237886392,
					"retransmits":	0,
					"snd_cwnd":	211408,
					"snd_wnd":	259072,
					"rtt":	165,
					"rttvar":	68,
					"pmtu":	1500,
					"omitted":	false,
					"sender":	true
				}],
			"sum":	{
				"start":	0,
				"end":	1.000142,
				"seconds":	1.000141978263855,
				"bytes":	3801088,
				"bits_per_second":	30404387.237886392,
				"retransmits":	0,
				"omitted":	false,
				"sender":	true
			}
		}, {
			"streams":	[{
					"socket":	5,
					"start":	1.000142,
					"end":	2.000139,
					"seconds":	0.99999701976776123,
					"bytes":	3801088,
					"bits_per_second":	30408794.625270084,
					"retransmits":	0,
					"snd_cwnd":	211408,
					"snd_wnd":	380928,
					"rtt":	150,
					"rttvar":	36,
					"pmtu":	1500,
					"omitted":	false,
					"sender":	true
				}],
			"sum":	{
				"start":	1.000142,
				"end":	2.000139,
				"seconds":	0.99999701976776123,
				"bytes":	3801088,
				"bits_per_second":	30408794.625270084,
				"retransmits":	0,
				"omitted":	false,
				"sender":	true
			}
		}, {
			"streams":	[{
					"socket":	5,
					"start":	2.000139,
					"end":	3.000133,
					"seconds":	0.99999397993087769,
					"bytes":	3670016,
					"bits_per_second":	29360304.751064055,
					"retransmits":	0,
					"snd_cwnd":	211408,
					"snd_wnd":	391168,
					"rtt":	160,
					"rttvar":	9,
					"pmtu":	1500,
					"omitted":	false,
					"sender":	true
				}],
			"sum":	{
				"start":	2.000139,
				"end":	3.000133,
				"seconds":	0.99999397993087769,
				"bytes":	3670016,
				"bits_per_second":	29360304.751064055,
				"retransmits":	0,
				"omitted":	false,
				"sender":	true
			}
		}, {
			"streams":	[{
					"socket":	5,
					"start":	3.000133,
					"end":	4.000175,
					"seconds":	1.0000419616699219,
					"bytes":	3801088,
					"bits_per_second":	30407428.053540844,
					"retransmits":	0,
					"snd_cwnd":	211408,
					"snd_wnd":	391168,
					"rtt":	135,
					"rttvar":	29,
					"pmtu":	1500,
					"omitted":	false,
					"sender":	true
				}],
			"sum":	{
				"start":	3.000133,
				"end":	4.000175,
				"seconds":	1.0000419616699219,
				"bytes":	3801088,
				"bits_per_second":	30407428.053540844,
				"retransmits":	0,
				"omitted":	false,
				"sender":	true
			}
		}, {
			"streams":	[{
					"socket":	5,
					"start":	4.000175,
					"end":	5.000119,
					"seconds":	0.999943971633911,
					"bytes":	3801088,
					"bits_per_second":	30410407.845463678,
					"retransmits":	0,
					"snd_cwnd":	211408,
					"snd_wnd":	391168,
					"rtt":	144,
					"rttvar":	17,
					"pmtu":	1500,
					"omitted":	false,
					"sender":	true
				}],
			"sum":	{
				"start":	4.000175,
				"end":	5.000119,
				"seconds":	0.999943971633911,
				"bytes":	3801088,
				"bits_per_second":	30410407.845463678,
				"retransmits":	0,
				"omitted":	false,
				"sender":	true
			}
		}, {
			"streams":	[{
					"socket":	5,
					"start":	5.000119,
					"end":	6.000138,
					"seconds":	1.0000189542770386,
					"bytes":	3670016,
					"bits_per_second":	29359571.510547854,
					"retransmits":	0,
					"snd_cwnd":	211408,
					"snd_wnd":	391168,
					"rtt":	131,
					"rttvar":	24,
					"pmtu":	1500,
					"omitted":	false,
					"sender":	true
				}],
			"sum":	{
				"start":	5.000119,
				"end":	6.000138,
				"seconds":	1.0000189542770386,
				"bytes":	3670016,
				"bits_per_second":	29359571.510547854,
				"retransmits":	0,
				"omitted":	false,
				"sender":	true
			}
		}, {
			"streams":	[{
					"socket":	5,
					"start":	6.000138,
					"end":	7.000135,
					"seconds":	0.99999701976776123,
					"bytes":	3801088,
					"bits_per_second":	30408794.625270084,
					"retransmits":	0,
					"snd_cwnd":	211408,
					"snd_wnd":	391168,
					"rtt":	180,
					"rttvar":	107,
					"pmtu":	1500,
					"omitted":	false,
					"sender":	true
				}],
			"sum":	{
				"start":	6.000138,
				"end":	7.000135,
				"seconds":	0.99999701976776123,
				"bytes":	3801088,
				"bits_per_second":	30408794.625270084,
				"retransmits":	0,
				"omitted":	false,
				"sender":	true
			}
		}, {
			"streams":	[{
					"socket":	5,
					"start":	7.000135,
					"end":	8.000094,
					"seconds":	0.99995899200439453,
					"bytes":	3670016,
					"bits_per_second":	29361332.049375653,
					"retransmits":	1,
					"snd_cwnd":	211408,
					"snd_wnd":	477696,
					"rtt":	299,
					"rttvar":	250,
					"pmtu":	1500,
					"omitted":	false,
					"sender":	true
				}],
			"sum":	{
				"start":	7.000135,
				"end":	8.000094,
				"seconds":	0.99995899200439453,
				"bytes":	3670016,
				"bits_per_second":	29361332.049375653,
				"retransmits":	1,
				"omitted":	false,
				"sender":	true
			}
		}, {
			"streams":	[{
					"socket":	5,
					"start":	8.000094,
					"end":	9.000138,
					"seconds":	1.0000439882278442,
					"bytes":	3801088,
					"bits_per_second":	30407366.433837164,
					"retransmits":	0,
					"snd_cwnd":	211408,
					"snd_wnd":	506880,
					"rtt":	149,
					"rttvar":	12,
					"pmtu":	1500,
					"omitted":	false,
					"sender":	true
				}],
			"sum":	{
				"start":	8.000094,
				"end":	9.000138,
				"seconds":	1.0000439882278442,
				"bytes":	3801088,
				"bits_per_second":	30407366.433837164,
				"retransmits":	0,
				"omitted":	false,
				"sender":	true
			}
		}, {
			"streams":	[{
					"socket":	5,
					"start":	9.000138,
					"end":	10.000605,
					"seconds":	1.0004669427871704,
					"bytes":	3801088,
					"bits_per_second":	30394511.502084535,
					"retransmits":	0,
					"snd_cwnd":	211408,
					"snd_wnd":	512512,
					"rtt":	179,
					"rttvar":	61,
					"pmtu":	1500,
					"omitted":	false,
					"sender":	true
				}],
			"sum":	{
				"start":	9.000138,
				"end":	10.000605,
				"seconds":	1.0004669427871704,
				"bytes":	3801088,
				"bits_per_second":	30394511.502084535,
				"retransmits":	0,
				"omitted":	false,
				"sender":	true
			}
		}],
	"end":	{
		"streams":	[{
				"sender":	{
					"socket":	5,
					"start":	0,
					"end":	10.000605,
					"seconds":	10.000605,
					"bytes":	37617664,
					"bits_per_second":	30092310.61520778,
					"retransmits":	1,
					"max_snd_cwnd":	211408,
					"max_snd_wnd":	512512,
					"max_rtt":	299,
					"min_rtt":	131,
					"mean_rtt":	169,
					"sender":	true
				},
				"receiver":	{
					"socket":	5,
					"start":	0,
					"end":	10.00074,
					"seconds":	10.000605,
					"bytes":	37617664,
					"bits_per_second":	30091904.399074469,
					"sender":	true
				}
			}],
		"sum_sent":	{
			"start":	0,
			"end":	10.000605,
			"seconds":	10.000605,
			"bytes":	37617664,
			"bits_per_second":	30092310.61520778,
			"retransmits":	1,
			"sender":	true
		},
		"sum_received":	{
			"start":	0,
			"end":	10.00074,
			"seconds":	10.00074,
			"bytes":	37617664,
			"bits_per_second":	30091904.399074469,
			"sender":	true
		},
		"cpu_utilization_percent":	{
			"host_total":	98.653033983128836,
			"host_user":	98.402054594011872,
			"host_system":	0.25096939789924655,
			"remote_total":	0.20836391430581561,